{"cameraMode":{"drawMode":0,"name":"Shaded","section":"Shading Mode"},"sceneLighting":true,"audioPlay":false,"sceneViewState":{"showFog":true,"showMaterialUpdate":false,"showSkybox":true,"showFlares":true,"showImageEffects":true,"showParticleSystems":true},"in2DMode":false,"pivot":{"x":-1.3999998569488526,"y":3.809999704360962,"z":166.4600067138672},"rotation":{"x":0.06595383584499359,"y":0.002991282846778631,"z":-0.00018636960885487497,"w":0.9978532195091248},"size":13.122352600097657,"orthographic":false}