{"cameraMode":{"drawMode":0,"name":"Shaded","section":"Shading Mode"},"sceneLighting":true,"audioPlay":false,"sceneViewState":{"showFog":true,"showMaterialUpdate":false,"showSkybox":true,"showFlares":true,"showImageEffects":true,"showParticleSystems":true},"in2DMode":false,"pivot":{"x":42.56999969482422,"y":1.0,"z":-26.299999237060548},"rotation":{"x":0.0013402736512944103,"y":-0.4484386444091797,"z":0.0006730188615620136,"w":0.8938472867012024},"size":32.694095611572269,"orthographic":false}