{"cameraMode":{"drawMode":0,"name":"Shaded","section":"Shading Mode"},"sceneLighting":true,"audioPlay":false,"sceneViewState":{"showFog":true,"showMaterialUpdate":false,"showSkybox":true,"showFlares":true,"showImageEffects":true,"showParticleSystems":true},"in2DMode":false,"pivot":{"x":-1.4000000953674317,"y":1.2999999523162842,"z":156.0},"rotation":{"x":0.1084936261177063,"y":-0.5979973673820496,"z":0.08213979005813599,"w":0.7898977994918823},"size":77.00110626220703,"orthographic":false}